avoidance,inspection
categorical,end
categorical,ends
categorical,rule
categorical,rules
centralization,resources
ceremonial,action
ceremonial,actions
ceremonial,assessment
ceremonial,assessments
ceremonial,conformity
ceremonial,evaluation
ceremonial,evaluations
ceremonial,inspection
ceremonial,inspections
ceremonial,requirement
ceremonial,requirements
ceremonial,rule
ceremonial,rules
competitive,isomorphism
cultural,expectation
cultural,expectations
display,confidence
displays,confidence
goal,ambiguity
institutional,definition
institutional,element
institutional,elements
institutional,environment
institutional,environments
institutional,isomorphism
institutional,rule
institutional,rules
institutionalized,context
institutionalized,contexts
institutionalized,environment
institutionalized,environments
institutionalized,isomorphism
institutionalized,myth
institutionalized,myths
institutionalized,organization
institutionalized,organizations
institutionalized,rule
institutionalized,rules
interorganizational,field
interorganizational,fields
logic,confidence
loosely,coupled
norm,rationality
normatively,sanctioned
norms,rationality
organizational,field
organizational,fields
organizational,model
organizational,models
rationalized,bureaucracies
rationalized,bureaucracy
rationalized,institution
rationalized,institutions
rationalized,myth
rationalized,myths
rationalized,procedure
rationalized,procedures
reciprocated,typification
reciprocated,typifications
resource,centralization
ritual,commitment
ritual,commitments
ritual,confidence
ritual,conformity
rituals,confidence
rituals,conformity
rulelike,status
socially,constructed
structural,equivalence
structurally,equivalent
structured,field
structured,fields
taken,granted
